{
  "monthly_total": 9733.110773,
  "weekly_total": 9733.110773,
  "year": 2025,
  "week": 11,
  "month": 3
}